Order ID,Complaint ID,Employee ID
704,1196,70
3030,1110,44
2022,1057,48
202,1238,37
923,1145,78
1650,1232,51
2899,1227,47
1418,1153,53
3221,1143,73
2356,1113,97
557,1114,81
2674,1006,26
3577,1142,48
773,1184,75
1763,1065,84
3592,1223,74
1424,1015,92
2462,1012,45
1435,1107,76
1728,1111,73
3150,1093,33
1600,1224,95
2767,1207,93
3623,1091,29
185,1018,12
110,1145,25
3937,1166,19
1211,1238,23
2178,1120,6
2909,1182,93
539,1098,73
3103,1067,39
527,1071,41
1216,1135,5
972,1180,93
2934,1214,10
3906,1179,47
616,1003,91
3637,1044,71
3109,1113,55
209,1070,37
1460,1235,84
1054,1064,26
3884,1094,70
2289,1155,45
1270,1149,71
3342,1020,26
976,1100,29
370,1248,59
3724,1091,85
1361,1175,36
3681,1052,27
2639,1115,68
1940,1148,22
490,1152,54
1764,1054,71
969,1168,73
43,1019,19
336,1088,21
310,1214,88
1411,1047,47
963,1193,69
578,1058,30
4,1191,11
1108,1171,45
2304,1084,9
2932,1069,78
2865,1026,36
2393,1092,27
2327,1070,20
707,1003,11
1729,1180,88
2196,1122,97
3257,1053,29
3877,1219,91
3352,1089,22
664,1104,64
373,1166,49
3865,1206,25
1264,1116,81
3440,1155,99
2429,1189,17
2765,1001,12
183,1043,56
260,1212,11
520,1106,46
1548,1139,18
1472,1199,40
3456,1203,48
2149,1061,31
3340,1185,98
1962,1018,39
1177,1106,93
1801,1031,92
2764,1088,96
35,1078,44
1696,1182,69
2689,1103,74
3808,1238,18
3552,1035,54
150,1212,80
1446,1170,33
2981,1247,50
2446,1166,72
3938,1023,94
2684,1136,19
610,1045,41
587,1042,27
303,1196,87
1849,1010,8
475,1027,81
967,1027,13
2104,1250,4
3505,1153,97
3513,1129,54
694,1041,74
19,1060,75
509,1207,52
666,1105,34
2951,1222,89
3789,1118,42
1728,1119,33
3472,1115,51
194,1052,39
1034,1058,49
1606,1067,22
1174,1242,71
817,1117,31
21,1197,80
3152,1052,12
3653,1167,58
2952,1026,52
2210,1196,55
37,1196,61
759,1076,52
295,1198,2
1364,1208,2
1401,1045,16
422,1136,83
2327,1158,39
566,1104,68
1316,1235,27
1092,1235,84
2825,1175,75
3155,1152,53
1920,1078,45
403,1081,58
2162,1246,57
2068,1117,79
1812,1025,30
141,1128,73
3478,1024,100
1801,1103,32
2543,1018,92
2415,1211,85
1133,1166,63
88,1189,87
3733,1023,76
3234,1084,52
698,1115,58
858,1111,42
3332,1088,9
2828,1022,78
3141,1144,40
716,1215,83
1750,1024,46
1142,1182,50
473,1021,56
1231,1105,8
1935,1071,41
416,1171,33
3481,1173,17
1801,1047,62
3508,1234,12
2972,1111,18
2304,1184,90
3756,1195,22
2175,1224,11
223,1190,4
2549,1050,72
3931,1195,55
685,1084,56
3127,1181,34
2427,1015,77
3084,1229,64
2008,1196,95
3354,1054,33
1278,1076,45
161,1029,76
1476,1023,84
420,1162,97
3846,1065,11
153,1055,80
1263,1219,86
294,1061,76
388,1133,30
1726,1103,79
2124,1128,27
1677,1223,1
3547,1040,97
2614,1211,18
2279,1157,74
2993,1114,41
2730,1025,99
212,1235,100
362,1181,54
3399,1155,95
3182,1032,87
3570,1150,89
2441,1114,30
2829,1166,81
1756,1099,65
2705,1181,47
637,1169,97
3849,1136,43
3544,1094,7
1831,1215,54
1305,1132,28
2783,1200,4
566,1012,78
1765,1173,19
2064,1096,35
3959,1182,36
839,1125,59
3624,1073,90
996,1226,82
770,1153,23
3496,1035,76
3203,1062,82
1133,1062,10
1852,1055,2
3506,1219,85
677,1174,49
3618,1091,25
2343,1193,91
494,1027,60
2831,1039,73
3747,1154,1
28,1231,84
1479,1188,6
1011,1008,7
2889,1082,25
353,1029,6
3994,1167,43
438,1046,35
3366,1024,6
2979,1064,17
37,1051,36
1068,1013,62
2577,1202,18
