"customer_id","name","total_rev"
139,"Max Leonard","6336.700357147870826"
913,"Victoria Richardson","6216.453334285463672"
820,"Mrs. Sharon Young DDS","5885.021169827843992"
904,"James Lane","5691.128789325525512"
499,"Patrick Herrera","5043.031351911169804"
624,"Tanya Baker","4932.997149564920690"
534,"Mrs. Michelle Johnson DDS","4871.502502786000196"
857,"Lynn Hampton DVM","4789.116806104773108"
729,"Joshua Lopez","4757.819797879414878"
671,"Jennifer Stevenson","4724.413008386106917"
447,"William Fletcher MD","4542.883290578305062"
531,"Eric Thomas","4507.574263578748699"
196,"William Pruitt","4497.677321794201425"
543,"Sharon Jones","4470.410203748162036"
264,"David Whitaker","4466.902213557107196"
47,"Tim Schwartz","4442.168994366102514"
283,"Brian Harris","4391.837652688894506"
603,"Scott Anderson","4381.39844458329905"
790,"Alexandria Lawrence","4318.12679156743880"
18,"Matthew Stewart","4286.933269703193486"
436,"Cathy Graham","4231.118243672468338"
830,"Jeffrey Gilbert","4200.539227328442415"
541,"Sean Merritt","4176.56101530001501"
332,"Justin Haas","4153.638836200752669"
717,"John Mendoza","4137.676682094784203"
1,"Elizabeth Reilly","4125.090549190210863"
381,"Janice Martinez","4105.733919363265765"
537,"Ashley Gibson","4090.308790355314949"
394,"Phillip Lopez","4090.229511048083975"
102,"Wayne Hopkins","4016.650946288250653"
716,"Ms. Miranda Thomas","3964.872587985514865"
333,"Valerie Johnson","3963.741278407692574"
680,"Kelly Thomas","3934.022860872711557"
7,"Sarah Bauer","3855.683809624708938"
110,"Cynthia Page","3852.989681418555279"
773,"Zachary Henderson","3845.908290536657924"
966,"Martin Dawson","3845.868901229356075"
58,"Timothy Banks","3831.084225250871285"
648,"Kimberly Riley","3827.352733756147918"
95,"Michael Cordova","3802.630927200000066"
669,"Laura Stewart","3792.460234924262487"
848,"Glen Schneider","3788.28239739110886"
800,"Jacqueline Garcia","3787.832552261015510"
171,"Rebecca Gonzalez","3776.488195876490675"
587,"Linda Kidd","3733.098898222419395"
937,"James Williams","3724.382652597231181"
375,"Jennifer Baker","3722.70658438759164"
642,"Sarah Lee","3712.051275730958285"
39,"Aaron Gordon","3707.313003824361919"
152,"Christina Mills","3696.577077226049531"
295,"Lisa Walker","3683.355565060304636"
760,"Richard Randolph","3679.278618941904622"
309,"Julie Harrison","3660.278953866049071"
354,"Jennifer Morris","3659.965381188823447"
37,"Christopher Fuller","3656.700553980567390"
620,"Kara Murphy","3642.813548480365676"
222,"Jordan Brown","3623.943814569122817"
983,"Kara Barrett","3619.194477062098913"
953,"Jeffrey Hunter","3611.993577507402048"
274,"Brandi Anderson","3608.851030059043097"
185,"David Jones","3605.118611926254654"
885,"Michael Smith","3601.978563182962145"
125,"Charles Benton","3590.674359197846758"
623,"Samantha Lutz","3557.994358872541749"
426,"Katherine Conrad","3553.233438028387429"
464,"Mr. Samuel Freeman","3547.120227948193112"
526,"Andre Sampson","3527.614563039561844"
418,"David Ingram","3519.39007087860880"
25,"Jeffrey Johnson","3509.974539889642754"
749,"Nathan Brown","3508.771176137971335"
777,"Brandi Soto","3505.843477024899177"
240,"Matthew Horton","3499.148904688059018"
347,"Herbert Mccann","3479.349861769643774"
501,"Matthew Fox","3463.951661719281355"
948,"Carlos Frost","3463.26320410744734"
869,"Elizabeth Peterson","3460.836473069485471"
522,"Cassandra Manning","3440.260778236937024"
338,"Laura Evans","3435.487796943421492"
539,"Tamara Cooley","3425.170472021154329"
66,"Timothy Miller","3424.467852491408775"
881,"Dr. Anita Simpson PhD","3415.471341597284279"
24,"Karen Edwards","3413.081067317027960"
542,"Darren Schneider","3410.377738490009065"
821,"Noah Griffin","3407.57663490253045"
154,"David Robinson","3397.812005870673265"
232,"Patrick Cook","3385.941067762368417"
770,"Jessica Collins","3375.102010514974983"
665,"Mr. Carl Lopez MD","3374.223176941107470"
83,"Duane Dyer","3369.318090073328189"
787,"Angel Hoffman","3364.32936295708914"
766,"Mr. Antonio Love Jr.","3357.512960533291520"
372,"Mr. John Christensen","3343.693839937539589"
847,"Jennifer Brown","3334.450271578525130"
224,"Keith Arnold","3327.306278045586985"
696,"Benjamin Duncan","3322.982514666009816"
704,"Alison Wright","3318.995432123515476"
780,"Timothy Lee","3318.128226070335452"
682,"James Garner","3312.696071831522815"
323,"Timothy Gomez","3311.970695316910166"
41,"Rebecca Nguyen","3299.500578276667802"
241,"Douglas Nguyen","3289.229067541927100"
516,"Kenneth Herman","3288.295498514044230"
269,"Kimberly Young","3284.946234241829479"
216,"Deanna Gonzales","3280.195992972224727"
670,"Robert Ross","3275.398729360265906"
970,"Jamie Williams","3272.982264760608770"
314,"Melissa Lyons","3267.158518790630704"
51,"Katherine Long","3265.979216476158281"
932,"Samantha Smith","3265.69508904467840"
13,"Joseph Myers","3237.583769500342721"
705,"Mary Mclean","3230.920766463057555"
442,"Lisa Hayes","3219.650002246675619"
457,"Tristan Campbell","3202.733158103131121"
630,"Lawrence Cardenas","3201.926322790697131"
527,"Sean Gordon","3198.785562485188412"
368,"Keith Cole","3184.543992989238172"
48,"Lauren Kennedy","3180.218238794957474"
317,"James Vaughn","3175.738178755256618"
858,"Deborah Shannon","3161.274654195449820"
980,"Debbie Wiggins","3151.378605310888300"
128,"Sarah Price","3142.459666731513791"
654,"Amber Sanchez","3142.230134964224056"
783,"Jennifer Ortiz","3139.173163499487295"
732,"Sean Diaz","3138.406162409710600"
409,"Ivan Moon","3138.08430562213125"
651,"Leah Lawrence","3135.739230495276245"
795,"William Johnson","3133.272005089415486"
945,"Laura Mullins","3132.442712144236662"
71,"Jennifer Adams","3130.537254268355130"
503,"Anthony Flores","3121.660957664991468"
866,"Matthew Grimes","3118.96052492890330"
862,"Ashley Huynh","3118.514541791963145"
650,"Catherine Castaneda","3100.144471324326936"
400,"Courtney Campbell","3098.926491199097764"
431,"Alexis Hill","3080.63436540286352"
123,"Jessica Hobbs","3077.347680906778532"
805,"Jon Logan","3071.189293912911779"
916,"Adam Mack","3054.763438769483832"
8,"John Guerrero","3053.62735982570736"
511,"Jamie Wagner","3042.749750965639647"
902,"Jessica Brown","3036.395963122980015"
594,"Amanda Avila","3032.420920109270980"
927,"Joyce Davis","3028.456085924200896"
378,"Timothy Diaz","3026.88956953538444"
774,"Kimberly Mora","3018.39369801744417"
248,"Amber Price","2998.651783596974043"
683,"Cindy Case","2987.842592763984921"
369,"Joseph Jackson","2980.824370469708028"
638,"Rachel Hall","2968.932688453835395"
579,"Patricia Gentry","2964.131283233347233"
852,"Robert Wallace","2963.50824509787146"
446,"Shirley Wall","2942.133716042985045"
822,"Thomas Gray","2941.110519244447337"
184,"Joshua Cummings","2941.033692011485955"
465,"Emily Davidson PhD","2938.541640284555240"
228,"Keith Meyers","2936.107683420095809"
826,"Joseph Jones","2935.301458418697527"
575,"Andrew Fischer","2927.732505812069791"
181,"Carla Cook","2924.891055462085393"
422,"Colleen Stone","2923.559145043859736"
640,"Robert Brown","2921.371901479183635"
349,"Margaret Brown","2919.704701587437752"
810,"Angie Ochoa","2919.162443032461266"
562,"Kyle Clark","2916.649236054670519"
176,"Robert Andersen","2915.266141488447667"
508,"Nancy Rodriguez","2911.174280561866530"
122,"David Klein","2910.431598760261120"
321,"Dawn Jackson","2910.215723717261102"
130,"Dawn Ward","2891.426038492348335"
674,"Elizabeth Santos","2890.280479054127845"
804,"Robert Evans","2888.107591691618289"
713,"Michelle Brown","2883.958120044585396"
31,"William Gonzalez","2883.16661719286290"
471,"Mary Good","2880.148823424626952"
741,"Michael Barrett","2879.934727064762241"
962,"Melissa Lopez","2876.46307305102781"
877,"Eric Kane","2872.242340113011062"
871,"Michelle Black","2866.169657310059332"
684,"Michael Williams","2863.212780115372144"
843,"Jennifer Davis","2856.861890670966649"
322,"Jason Nunez","2849.377827539266974"
227,"Brandy Ellis","2845.310363747107407"
769,"Heather Taylor","2836.08537530909539"
687,"Timothy Oneal","2835.558160891307266"
233,"Wayne Williams","2834.948601692341821"
304,"Mr. Jeffrey Rice","2831.151317647686445"
5,"Joseph Dominguez","2829.950677115939785"
731,"Crystal Ward","2827.620615477386509"
921,"David Zimmerman","2821.110249842366817"
697,"Michael Larson","2819.506375021131553"
453,"Robert Ball","2818.400470270507600"
550,"Mark Anderson","2814.313196817346600"
403,"Blake Blackburn","2813.431447051218651"
668,"Paula Ferguson","2812.745750258590748"
237,"Benjamin Richardson","2811.287322134842294"
782,"John Roy","2798.630978148131426"
204,"Catherine Riley","2786.851178720517908"
353,"Tina Kelly","2780.623493497162435"
487,"Jessica Gregory","2777.280800044195826"
621,"Mitchell Cochran","2772.211901557935688"
318,"Justin Gray","2762.357898194306863"
610,"Nicolas Mccarty","2752.973168008053474"
78,"Kathryn Randall","2744.157172145397134"
834,"Lucas Ramsey","2741.958721763222259"
616,"Benjamin Ortiz","2740.449724974916312"
2,"David Taylor","2732.426798931391278"
468,"Megan Huffman","2732.093541505813091"
566,"Kimberly Lewis","2730.791742772390271"
312,"Ryan Castro","2727.910959778493838"
851,"Laura George","2723.184160849502263"
891,"Emily Freeman","2722.102615662585147"
137,"Robert Jones","2709.834650508387238"
844,"Jenna Leach","2706.210683725309860"
482,"Zachary Santiago","2693.30288602221847"
4,"Martin Gomez","2691.569470849046089"
262,"Eric Benitez","2680.387789960012980"
936,"David King","2678.689322741925310"
198,"Robert George","2671.909003131846624"
903,"Tony Adams","2663.418194124238968"
779,"Steven White","2663.12587951875735"
906,"Susan Luna","2661.076777366329070"
963,"Mary Powers","2660.184670705493183"
666,"James Johnson","2652.663232173129369"
611,"Scott Griffin","2644.26202295698954"
861,"Ryan Newton","2639.763829345439350"
451,"Barbara Hayes","2627.676551744370453"
57,"Keith Smith","2626.803119281966906"
747,"Ashley Roberts","2619.39432690246413"
364,"Diane Soto","2617.773055334056945"
462,"Tanya Gray","2607.889338208261162"
120,"Gregory Camacho","2602.994243949747139"
64,"Samantha Horn","2601.791105533043087"
179,"Charles Hanson","2599.27223114501104"
645,"Becky Fields","2594.759741421852024"
940,"Elizabeth Ward","2580.411887172753906"
118,"Emily Hale","2573.284908827289341"
807,"Shawn Davis","2569.374455256488375"
911,"Allen Schmidt","2567.793817820821507"
355,"Samantha Alvarez","2565.589674560336582"
975,"William Osborn","2561.575616260661305"
935,"Charles Duran","2560.806337227616036"
809,"Heather Davila","2554.476515831253445"
391,"Laurie Cox","2551.452860649406025"
370,"Tiffany Hayden","2549.050958450201059"
759,"Marie Martinez","2547.554874100449067"
214,"Amanda Gonzalez","2546.568960539035744"
745,"Lori Andrews","2545.042259216148834"
328,"Samuel Moore","2544.268472520657167"
673,"James Brown","2528.804063655636032"
988,"Christopher Banks","2525.381211396960420"
175,"Lori Peck","2524.593718032382276"
755,"Joseph Stone","2519.714003620569546"
82,"Erin Sosa","2517.895355916178026"
384,"Walter Riley","2515.223503716361346"
840,"Matthew Davis","2509.194483310999497"
626,"Anthony Tran","2498.231381041949650"
784,"Jill Ochoa","2495.42758240050523"
606,"Jeremy Smith","2488.616268605039247"
27,"Walter Moore","2488.153203600436208"
169,"Alejandro Garcia","2487.640044228385434"
523,"Lauren Morgan","2487.035023485815188"
439,"Kristina Andersen","2486.622515508031603"
595,"Jonathan Barajas","2485.467809687404392"
823,"Patrick Brown","2482.728581423072303"
825,"Heather Rodriguez","2473.479651294329959"
920,"Sheri Thompson","2460.24886223160885"
867,"Stephanie Stevens","2454.799367083953553"
84,"Justin Reed","2454.323638667065213"
832,"Robert Hensley","2452.463007587523032"
635,"Donald Hernandez","2446.689648496072199"
492,"Walter Brown","2442.77827775606053"
342,"Megan Smith","2442.128815296525806"
657,"Robin Diaz","2441.92197943558360"
131,"Elizabeth Cobb","2440.64257925049695"
209,"Mark Miller","2440.259884282872613"
658,"Gary Martin","2435.897475612058677"
244,"Robert Smith","2431.810661239082835"
257,"Jim Cardenas","2431.302194947343538"
720,"Carrie Shaffer","2427.966128874433669"
167,"Amber Duarte","2425.882636265560390"
456,"Victoria Johns","2422.10547761090550"
973,"Alan Rios","2408.918547655951687"
429,"Jessica Stewart","2407.680027350664972"
157,"Casey Pace","2406.99894022438049"
799,"Chad Elliott","2405.209324384041345"
941,"Amy Chung","2404.807250275147889"
939,"Kelli Wells","2397.976437666160593"
206,"Monica Brown","2393.025057443343854"
278,"Kara Evans","2391.818773370407202"
750,"Maria Weber","2391.470332535638131"
352,"Kathryn Barron","2384.675555311367678"
252,"Glenn Hines","2382.810414819730821"
296,"Kelli Poole","2375.365516783243525"
886,"James Campos","2374.001021433652601"
80,"Kimberly Stewart","2371.773677101640096"
714,"Ronald Mendoza","2370.675782267108254"
985,"Amanda Taylor","2352.656487709232956"
129,"Bradley Schmitt","2346.168281763268626"
570,"Bianca Miller","2340.363196839152856"
301,"Paul Rivas","2340.069417764818856"
734,"Andrew Hensley","2330.870999665701890"
407,"Kathryn Shaw","2315.860366621463696"
598,"Alisha Wolf","2303.437271915712487"
188,"Robert Daniels","2302.740245789817647"
924,"Terry Bullock","2302.529797501527928"
878,"Kenneth Hoffman","2295.525107003867237"
796,"James Hart","2291.690819638230501"
485,"Shawn Evans","2283.21942560763148"
959,"Brandon White","2282.79082080945769"
344,"Bruce Norman","2280.31837041202428"
417,"Gloria Meyer","2275.779407150553485"
428,"Alexis Bowman","2265.694635010509077"
469,"Jessica Lewis","2261.271812836672535"
221,"Ruben Mcmahon","2259.930693840063475"
374,"Kimberly Washington","2259.714895791484845"
279,"Michelle Roberts","2257.357077735321207"
452,"Richard Parker","2256.139214155717621"
235,"Robert Johnson","2255.113651305857223"
213,"Robert Harper","2251.301600415457495"
178,"Andrea Jackson","2251.041898006689104"
757,"Mary Johnson","2250.572869510554892"
22,"Kathleen Garcia","2246.841161747468840"
813,"Laura Mccormick","2241.161439798052635"
124,"Brian Griffin","2236.252710423983380"
923,"David Mcgee","2232.635651809153903"
509,"Alex Alexander","2232.521207098393622"
44,"David Cain","2225.906960721293330"
337,"Erica Krueger","2223.806794962261542"
472,"Christopher Fisher","2222.782306171791922"
942,"Dana Stark","2220.391523796656322"
480,"Shelby Peck","2218.727163927548450"
758,"Melanie Torres","2218.475380936142695"
699,"Jill Harris","2218.225545560350144"
706,"Robert Armstrong","2216.520252473602255"
438,"Brian Mcbride","2208.980892097226979"
148,"Travis Johnson","2207.075919125046822"
896,"Erin Gray","2196.01604464112927"
100,"Christina Dickerson","2187.245610563544159"
132,"Linda Johnson","2184.057923022603964"
3,"Kevin Hayden","2183.250273303704497"
957,"Brianna Harris","2180.363972281686861"
174,"Melissa Gill","2179.499975078766128"
659,"Jorge Martinez","2175.333852006048608"
833,"Susan Williams","2175.305007681972844"
445,"Jason Bishop","2172.061247945097946"
520,"Matthew Fleming","2166.236826487387481"
399,"Douglas Archer","2161.375867285298356"
72,"Margaret Roberts","2144.167572198037151"
276,"Ellen Hobbs","2141.773729598327929"
686,"Derek Kaiser","2137.527157751920368"
373,"Amanda Hebert","2137.08823831479621"
119,"Donald Anderson","2135.815480604154977"
143,"Matthew Obrien","2135.363616510257595"
250,"Christina Molina","2135.197574199897463"
267,"Karen Kelly","2133.912236951753152"
849,"Jackson Campbell","2127.092937921123519"
54,"Mark Hansen","2124.856017790864674"
703,"Michael Osborn","2119.514049617457216"
972,"Shirley Gallegos","2117.122123286666121"
986,"Noah Cooley","2115.063876367167423"
315,"Anne Miller","2106.559764572870292"
77,"Sydney Smith","2105.329763980566709"
356,"Mark Torres","2102.337325217143140"
875,"Ray Reid","2096.15388069533292"
168,"Jose Wallace","2095.746798743085547"
114,"Tina Jones","2095.113892044700051"
609,"Anthony Horne","2092.403756950583353"
383,"Troy Jones","2089.768149262064219"
285,"Christine Young","2087.83776816498971"
390,"Shawn Olson","2081.480400487265794"
967,"April Brown","2080.804510095528354"
954,"William Lewis","2080.730972890526775"
43,"Haley Bailey","2075.102745955449287"
583,"Alexander Jefferson","2065.87935269971539"
678,"Carol Johnson","2060.05445766028777"
559,"Joseph Perez","2052.876472385851294"
398,"Veronica Johnson","2048.558075253748673"
922,"Vanessa Carlson","2043.160520100520975"
554,"Jacob Sullivan","2038.183463629135002"
785,"Stacey Hartman","2035.693461893713009"
578,"Madison Mueller","2033.971625481211929"
28,"Kaitlyn Berger","2025.187408515664545"
424,"Lindsey Tyler","2021.732135243343267"
379,"Ashley Walker","2021.150832586567845"
608,"Brian Acosta","2020.485160193944392"
393,"Rachel Ramirez","2019.143027752317395"
876,"Paul Taylor","2018.315082671087283"
736,"Cynthia Hampton","2017.780704472580989"
142,"Jennifer Payne","2016.71130608273469"
117,"Scott Bell Jr.","2015.799108421635538"
153,"Andrea Scott","2015.364450499944082"
656,"Robert Lee","2009.683632102946780"
203,"William Banks","2009.171940245693507"
726,"Alexander Woodard","2006.507005434934571"
111,"Michael Taylor","2006.27231303730259"
449,"Christian Norris","1999.170083485380697"
893,"Zachary Rodriguez DDS","1997.078573272932428"
868,"Collin Gibbs","1996.013080070010311"
990,"Daniel Valdez","1995.151375352810626"
999,"Ryan Gallegos","1994.514233741794920"
133,"Alyssa Hodge","1990.698238617660446"
345,"Michael Simmons","1982.099522809049248"
672,"Jesse Obrien","1971.303010427308176"
79,"Brittany Davis","1966.014898672582243"
518,"Adrian Romero","1965.544187290483791"
540,"Erin Williams","1960.70375889209822"
162,"Ariel Hogan","1959.52270827165394"
743,"Sandra Wells","1953.310497455202642"
633,"James Bird","1951.702319036358695"
872,"Brandon Jones","1951.178539793805166"
408,"Brian Cross","1945.660199666366361"
115,"Anna Gilbert","1945.590103048651845"
870,"Jason Moss","1945.272544261151085"
675,"Michael Williams","1940.45094786607658"
247,"Kelly Townsend","1939.160878250889486"
536,"Melinda Riddle","1929.044341269568269"
42,"Jerry Vargas","1925.019396487174829"
256,"Ann Adams","1923.739095029066291"
166,"Patrick Good","1919.152151341135548"
968,"Melanie Bridges","1916.645608384337728"
402,"Stephanie Adams","1912.751462398285676"
618,"Mary Smith","1904.40148231275750"
950,"Nathan Wright","1903.677402246950353"
998,"Curtis Walsh","1903.402988702877722"
500,"Melissa Davis","1899.488787116595790"
898,"Christina Garcia MD","1894.741773335015283"
761,"Tammie Lambert","1888.130877762420347"
251,"Benjamin Cook","1887.698582205622419"
995,"Michele Cline","1884.981818390043784"
528,"Rachel Williams","1880.179336400205957"
475,"Jessica Villanueva","1878.888614181101504"
414,"Karen Woods","1878.588600673056885"
901,"Joshua Williams","1875.825571563980586"
19,"Katie Fischer","1873.652761992363471"
607,"Joan Anderson","1872.591745398306190"
62,"Eric Freeman","1870.955887223071565"
275,"James Jones","1870.381705823393051"
194,"Erika Rush","1868.700444562530404"
362,"Diane Foley","1864.12784632437989"
803,"Kelly Tucker","1863.943834231826628"
928,"Jennifer Boone","1859.493625902673178"
435,"Oscar Perkins","1858.688261362010466"
387,"Walter Miller","1855.968819744046602"
991,"Lucas Palmer","1852.63742108804336"
144,"Meredith Murray","1852.098681720573804"
493,"Jennifer Stein","1849.946742662244395"
430,"Alexis Mayer","1845.929433322587205"
505,"Amy Montoya","1843.265475836444087"
831,"Donna Brown","1842.479431378703302"
212,"Janet Evans","1837.269756744772566"
977,"Ashley Lyons","1837.245776673090887"
698,"Heather Thompson","1835.15350606800982"
484,"Jessica Woodard","1828.726672777967602"
433,"Jon Liu","1826.487845912971965"
873,"Samantha Ramsey","1821.01551233254696"
177,"Clinton Rose","1813.928656415699436"
281,"Terry Sutton","1813.075717675992691"
74,"Mr. Henry Greene MD","1812.639726773678772"
965,"Dr. Henry Fischer MD","1811.595855616810897"
46,"Tammy Scott","1807.046852777171455"
491,"Robert Gonzalez","1805.845928151175165"
380,"Suzanne Schmidt","1801.69664629518194"
406,"Kristen Carter","1799.670184115747546"
215,"Jason Johnson","1791.009119791110301"
246,"Brandon Bauer","1790.701529293088522"
106,"Tyler Bartlett","1789.031684385974917"
40,"Heather Kelly","1788.394630365308685"
572,"Mrs. Brittany English","1787.290421604077467"
643,"Ashley Bonilla","1785.310384164471282"
367,"Christine Pena","1785.156122181601899"
627,"Jessica Harrison","1784.393302732767017"
255,"James Schmidt","1783.345407036547167"
818,"Dennis Evans","1782.736708286937227"
842,"Carlos Meza","1780.137103850816799"
75,"Emily Thomas","1779.874704117050197"
788,"Joshua Thomas","1779.48755281570412"
504,"Michael Pace","1779.433020139598403"
636,"Lucas Cook","1778.286122109243081"
229,"Theresa Mcdonald","1777.330387623147456"
604,"Michael Perry","1777.07251086168954"
329,"Nicole Mcclain","1776.62200457620174"
693,"Alicia Snyder","1767.841692491856975"
434,"Jennifer Ford","1767.082842130570514"
303,"Jeffrey Harrison","1760.050660131132186"
67,"Robert Lopez","1759.648808752481006"
498,"Kelly Lee","1756.219828554402138"
590,"Heather Snyder","1753.028616951736099"
581,"Crystal Barnes","1751.126727145388612"
23,"Heather Huang","1743.33870150925718"
846,"Margaret Flores","1742.109555265780242"
744,"Stephen Rose","1740.982082940648390"
926,"Charlotte Parker","1739.776924968569577"
280,"Brandon Escobar","1737.35619629022737"
894,"Mr. Dustin Hall MD","1732.598773527632936"
908,"Rebecca Spence","1723.917651699954768"
225,"William Morris","1723.650350799346343"
838,"Jill Spencer","1715.492709211953768"
900,"Kelly Moore","1711.531893601866066"
647,"Melissa Taylor","1711.482446540670575"
569,"Rhonda Nash","1710.304295229620501"
905,"Eric Thomas","1707.216597535197667"
258,"Jeremy Hahn","1704.562426066008475"
459,"Jesse Morris","1701.72106891630430"
65,"Kimberly Payne","1701.44497528849591"
220,"Paul Smith","1698.006599624928882"
1000,"Jessica Robertson","1697.779743066446315"
113,"Joseph Aguirre","1696.161152606564077"
473,"Daniel Wilson","1694.78274744067109"
679,"Robert Russell","1691.903283429199580"
361,"Kevin Rodriguez","1678.053297568379385"
17,"Chelsea Ross","1673.264345298795088"
396,"Billy Fields","1665.075355929174945"
180,"Leslie Diaz","1664.249337337999352"
81,"Kerri Reese","1654.885013761269717"
350,"Daniel Bruce","1653.720063782736887"
268,"Sandy Morton","1651.895254091949497"
6,"Nicole Gonzalez","1651.555430749382930"
667,"Christopher Figueroa","1648.07220144909841"
791,"John Weeks","1646.923661160560151"
85,"Christopher Alvarez","1645.64485671980866"
488,"Antonio Smith Jr.","1641.016398749872185"
661,"Bradley Pace","1634.784095635472157"
914,"Tracey Ibarra","1630.432091807005311"
497,"Ariel Sullivan","1630.03589290941632"
97,"Jennifer Weber","1629.707200359751278"
135,"Danielle Thompson","1621.564453919570166"
146,"Douglas Phillips","1618.121835111909905"
792,"Jared Clark","1617.050744133254449"
589,"Terry Graham","1614.342880016446335"
835,"Marilyn Benjamin","1612.190033738820321"
660,"James Davis","1611.306003172165075"
52,"Emily Mercado","1609.19096318313857"
306,"Jordan Anderson","1606.022738527709554"
619,"John Simon","1605.091093023231343"
723,"Samantha Brooks","1601.61994357567008"
357,"Karen Johnson","1597.304430536129706"
737,"Olivia Long","1595.195860804581930"
12,"Rachel Green","1593.68741239434033"
254,"Bobby Buck","1588.701270766279714"
341,"Mr. Tyrone Crawford DVM","1583.141406941920117"
207,"Tracey Mullins","1581.566508296429636"
574,"Jonathon Brown","1578.942827289201266"
112,"Daniel Davis","1577.051188264595379"
116,"Timothy Hines","1576.543220947565547"
238,"Mr. Dustin Parks","1575.903215158643459"
775,"David Palmer","1574.299859058377449"
637,"Dr. Glen Herrera","1573.184059551610447"
197,"Jessica Carroll","1569.954349537160736"
158,"Regina Brown","1567.828772921652112"
538,"Travis Reed","1566.967490076029760"
479,"Gregg Rhodes","1565.393644339247270"
477,"Elizabeth Wilson","1563.45550822240618"
272,"Charles Short","1560.13168295712810"
711,"Natalie Parsons","1559.248159640470054"
899,"Kelly Whitehead","1554.509806588501086"
700,"Diana Collins","1546.047374987847136"
817,"Eric Morris","1541.655719988334512"
76,"Louis Simpson","1539.792769975632908"
544,"David Dodson","1538.596219871204558"
614,"David Martin","1537.665926236932724"
467,"Miguel Patton","1532.252275287970166"
742,"Robin Lopez","1523.566831501302876"
313,"William Knapp","1519.891007008121569"
724,"Sierra Dickerson MD","1512.330859135680343"
234,"Timothy Duke","1511.474890668684645"
334,"Lori Schultz","1507.47346065131043"
397,"Sherry Poole","1507.007298330954517"
440,"Andrea Ramos","1506.872799750199945"
879,"Tracy Crane","1504.48790662566777"
997,"Bianca Holmes","1501.343717057265023"
567,"Katherine Ortiz","1496.80047428570015"
596,"Toni Payne","1496.218163718293644"
38,"Alexandra Potter","1495.611075830381782"
828,"Sherri Morris","1489.568946963387905"
336,"Dominique Lozano","1489.18481579241507"
288,"Danielle Williamson","1487.325114472687951"
644,"Adam York","1485.974386040997417"
961,"Jason Cardenas","1485.144105758192925"
681,"Brandon Martin MD","1484.848343096755556"
425,"Richard Braun","1482.318492802141924"
946,"Janet Peterson","1481.10430845676396"
944,"Katherine Peck","1477.20177680308049"
730,"Morgan Haynes","1473.421743672028661"
284,"Mark Gomez","1473.270060651760116"
888,"Russell Harris","1464.329478901289515"
850,"Sarah Spencer","1463.753136547499880"
307,"Carolyn Walter","1463.636988250720122"
806,"Judy Jones","1455.91458210189211"
145,"Amber Gray","1454.740017496334761"
359,"Brittney Roy","1447.685894437594295"
187,"Jeremy Arnold","1442.533080896067418"
865,"Crystal Schroeder","1438.168465223552313"
205,"Dennis Shepard","1435.151991238325218"
358,"Jordan Holt","1430.916744186256564"
664,"Steven Richardson","1430.223899526709076"
363,"John Lopez","1423.154094428063324"
585,"Phillip Shaffer","1416.120916546663132"
815,"David Aguilar","1413.952651113521411"
60,"Allen Obrien","1409.326179510792025"
413,"Mr. David Santos","1405.739610723230215"
108,"April Peters","1404.74729147748993"
470,"Kyle Velasquez","1404.496960361126673"
211,"Ronald Stein","1404.189473571930661"
199,"Bruce Wilson","1402.88811976551836"
33,"Beth Phillips","1398.207413772474833"
691,"Edward Stephens","1393.463378663826315"
989,"Douglas Robinson","1390.649992559597215"
652,"Raymond Rosario","1389.08376545505338"
200,"Douglas Hampton","1375.767576940964717"
519,"Jeffrey Anderson","1371.67654041162649"
401,"Michele Lewis","1370.98637444620391"
662,"Ana Sherman","1370.588924410788439"
612,"Heather Zuniga","1370.564966216605599"
94,"Melissa Ramos","1367.48875475418801"
412,"Michael Walsh","1364.763048873045043"
874,"Erica Mendoza","1363.524178502931267"
798,"Kyle Poole","1362.74695056888312"
947,"James Santana","1362.296903242110006"
55,"Shannon Byrd","1361.139489937244260"
628,"Timothy Davis","1354.596056575203122"
996,"Tiffany Austin","1353.415917672134500"
912,"Mrs. Christine Skinner","1353.224772276660605"
35,"Christine Hill","1351.333910361104136"
494,"Paul Payne","1347.78050318920728"
582,"Tyrone Jones","1347.022825331502497"
576,"James Shaffer","1346.871542683241156"
600,"Samantha Perez","1341.961056053131247"
483,"Wesley Powell","1339.307037958330629"
444,"Joseph Nichols","1337.707648283849585"
992,"Sheila Scott","1336.88222156610983"
718,"Charles Walters","1333.356551528301999"
432,"Jamie Summers","1330.886635143310384"
929,"Rebecca Lowe","1327.336605797463214"
692,"Susan Gregory","1325.939029924799889"
507,"Joshua Gonzales","1323.670794491872986"
186,"Michael Church","1322.96770902825373"
573,"Albert Franklin","1321.516134637977405"
794,"Adrian Craig","1310.694498491913158"
728,"Stephen White","1298.771758647326124"
639,"Michael Kelley","1296.932064405688578"
411,"Jacqueline Rangel","1296.23259768400640"
218,"Jonathan Clay","1293.57814480548847"
738,"James Powers","1289.328090519384986"
859,"Edwin Miller","1281.38222294814997"
854,"Gabriel Scott","1280.809805832479559"
546,"Kimberly Cardenas","1280.069228371886063"
890,"Nathan Smith","1278.63751046644296"
490,"Anthony Wilson","1276.87782958623810"
801,"Pamela Allen","1274.603079460450590"
36,"Angela Braun","1269.34491050554970"
190,"Michael Mills","1268.873842904892226"
9,"Dr. Theresa Moore","1268.63937117567184"
721,"Mary Patel","1267.668879236002135"
622,"Nicole Villegas","1263.36529173579438"
707,"Stephanie Wallace","1258.032984868853162"
918,"Christy Torres","1254.418007975527575"
646,"Allison Vazquez","1250.738010950596622"
127,"Mark Mendez","1250.258602959249220"
588,"Steven Curry","1249.941069440716921"
441,"Billy Aguilar","1249.211278477150674"
880,"Austin Riggs","1240.217534485365365"
765,"Dr. Michael Nelson","1229.005422917182322"
325,"Nancy Taylor","1224.919761593499036"
489,"Jeremiah King","1224.879589566728640"
450,"Sydney Morris","1220.57563990256181"
547,"Jennifer Richardson","1217.391866366399020"
580,"Michael Smith","1215.25216849275139"
299,"Derrick Carrillo","1215.112640375278886"
915,"Mr. Marc Castro DVM","1212.873154225882806"
887,"Katie Smith","1211.93100165502758"
195,"Steve Castro","1210.256395964216231"
776,"Jesus Larsen","1207.247688333782699"
715,"Kristen Gould","1205.043046585712554"
89,"James Kirk","1199.110046415498135"
305,"Eddie Wright","1197.762461558854152"
756,"Jonathan Garcia","1197.679968367372676"
993,"Gabriella Robinson","1192.011338978757134"
346,"Thomas Macdonald","1190.492406024566025"
892,"Timothy Ford","1189.258230136431486"
217,"Jacob Moore","1185.944136246220444"
811,"Mr. Thomas Petty","1183.653094695064244"
308,"Megan Poole DDS","1182.89937987241052"
943,"Donna Jones","1174.648580827648908"
863,"Joseph Johnson","1174.591262200356375"
335,"Eric Russell","1173.26731429959116"
513,"Dawn Mills","1172.459725751628576"
183,"Darrell Chandler","1170.583432609529145"
974,"Karen Carlson","1170.272734194850179"
15,"Brian Harris","1169.297907650286273"
382,"Kenneth Conley","1166.133211358606930"
486,"Jason Burke","1157.77114474816143"
532,"Donna Reese","1155.24511539759623"
138,"Leslie Norman","1155.106692960194747"
752,"Jason Cooley","1154.39398264683812"
348,"Gina Miranda","1153.455031506102027"
735,"Jeffrey Mclaughlin","1149.88266258877098"
327,"Mrs. Casey Williamson","1148.519582421374983"
836,"Beverly Roberts","1145.499431716771432"
230,"Brittany Gates","1144.404721225872603"
797,"Felicia Gross","1142.173394275569474"
814,"Lauren Patel","1139.363545550935295"
565,"Jerry Marshall","1136.565897592681608"
385,"Anna Hernandez","1136.24314726543780"
26,"Monica Morales","1133.461677502663978"
366,"Brandon Holmes","1131.41748930843521"
860,"Frank Smith","1131.352432178734419"
952,"Thomas Jennings","1126.553737803143835"
552,"Sharon Anderson","1124.38597896703669"
50,"Ann Armstrong","1121.93443724209396"
351,"Jason Skinner","1119.196535455185647"
599,"David Smith","1118.118027640333335"
663,"Alexander Holmes","1117.918271081578939"
521,"Austin Lee","1115.45353939089479"
149,"Barbara Cobb","1113.84369923162922"
577,"Robert Lang","1102.81462696279588"
771,"Elizabeth Hughes","1101.35639199781236"
410,"Crystal Richardson","1099.513211807530400"
688,"Rachel Ross","1099.24556761842292"
93,"Jason Williams","1098.631117678471170"
917,"Stephen Pearson","1097.710130074543968"
808,"Danny Meyer","1092.032818328843000"
910,"Sydney James","1087.53249086504057"
617,"Richard Jones","1083.28300422218057"
919,"Marc Williams","1082.102081973596305"
978,"Lauren Webb","1081.708065471762020"
286,"Lance Pierce","1079.89771539931982"
982,"Ebony Dominguez","1073.609440650374809"
602,"Lori Brown","1072.100928149037255"
87,"Gregory Hill","1071.414292542481596"
30,"Gerald Parks","1056.454675800688094"
925,"Mr. Alex Ibarra","1054.184750604798893"
592,"Steven Conley","1051.71348700364094"
73,"Patricia Spencer","1040.705935268968142"
14,"Melissa Parrish","1027.174891368557771"
958,"Pamela Tyler","1021.831804391499135"
192,"Elizabeth Miller","1018.76745336979287"
265,"Mary Gates DDS","1016.732859563028186"
768,"Jacob Smith","1016.00984285584689"
641,"Vanessa Anderson","1014.916868015195078"
555,"Emily Costa","1011.733915389505392"
839,"Ethan Moody","1011.56580174798509"
593,"Jennifer Johnson","998.377935349298347"
512,"Oscar Lopez","994.37998533829076"
793,"Vickie Hamilton","993.300105754323346"
226,"Nicholas Valdez","988.550159015476130"
260,"Samantha Frazier","987.412035876593556"
141,"Matthew Welch","985.409031644567336"
964,"Jennifer Abbott","984.74843259956781"
427,"Lisa Shelton","983.53748176171706"
423,"Adam Rodriguez","978.165650278411893"
319,"Christopher Weiss","973.537175503382622"
702,"Alexa Patton","970.496015604887707"
121,"Jason Williams","968.692486144155295"
907,"Bradley Shaw","968.432948341368364"
677,"Valerie Roberts","968.07297658393959"
740,"Vanessa Freeman","958.18830395532783"
104,"Penny Dudley","948.049787269068903"
49,"Brandon Bartlett","945.128413241385471"
376,"Christopher Jackson","945.054155911997033"
326,"Tara Brown","941.528890450449268"
463,"Angela Johnson","940.077208463173846"
837,"Claudia Parker","936.82677778913648"
751,"Jason Schmidt","935.71455596635258"
695,"Mrs. Ashley French","934.565333401070842"
156,"Katie Welch","928.295168973988358"
56,"Samantha Church","924.71977399755232"
571,"Joan Stewart","919.635804288261796"
481,"Alex Jordan","917.74298638711793"
754,"Alan Stevens","917.572589648123834"
895,"Justin Rodriguez","915.52628981204760"
292,"Mary Young","915.329133145702384"
320,"Paul Morales","909.77306801232102"
164,"Terrance Smith","904.461231496088865"
727,"Rhonda Erickson","903.48864838548216"
101,"Belinda Martinez","903.448505166313405"
551,"Makayla Walker","903.16193633227007"
259,"Mr. Steven Vaughan V","902.434205782213631"
371,"Sharon Smith","898.186183959526009"
291,"Evan Washington","897.94244157665760"
971,"Jose White","896.39577975336690"
786,"Briana Garner","894.591574022193932"
249,"Matthew Moreno","893.42853824905079"
853,"Crystal Rodriguez","890.738211975244853"
781,"Adam Vincent","890.32892409771432"
733,"Daniel Ward","889.550043667336864"
208,"Glen Hayes","888.304730070060235"
545,"Kathleen Wilson","886.529933787257432"
282,"Adam Ruiz","886.112379370458798"
709,"Sherry Howard","885.94175151877341"
855,"Mario Hardy","884.647818165298419"
16,"Jaime Silva","884.109377082518365"
549,"Tara Brandt DDS","880.983169289958704"
634,"Phillip Evans","880.907133415506495"
460,"Anita Davis","876.279120764709121"
61,"Jacob Pratt","873.635454385652036"
134,"Joshua Harrell","872.31229468341120"
10,"Jeffrey Carney","871.140861330670196"
302,"Whitney Woods","867.81522917012154"
68,"Sheila Rios","864.40454496500640"
649,"Jordan Clark","857.350397081428215"
92,"Cameron Tran","856.54792367645742"
11,"Adam Woodard","856.18853576872560"
32,"Melissa Hoffman","855.017800870869236"
632,"Caleb Stafford","854.60808108066707"
242,"Luke Greene","852.26816518217559"
976,"Billy Price","851.661344033510215"
45,"Dana Wilson","849.168950632043653"
712,"William Anderson","847.261701452800868"
763,"Marilyn Powell","846.937362636864805"
960,"Matthew King","846.757475132228807"
231,"Jesse Burnett","846.286986461395150"
458,"Scott Castillo","845.389380055768565"
685,"Vincent Chapman","844.736840239007657"
676,"Cathy Cisneros","843.38356510585273"
933,"Steven Flynn","842.034910146090774"
59,"Kathleen Good","838.640717942247730"
529,"Michael Townsend","835.468709244716032"
404,"Amber Leach","828.541861713695152"
789,"Anthony Smith","827.268147313724446"
223,"Brittney Bradley","825.85649905560639"
98,"Daniel Gonzalez","825.07309565535571"
613,"Scott Weber","821.65927203607065"
277,"Emily Walker","815.691595733871748"
261,"Bruce Douglas","815.44731430697210"
979,"Brent Mathews","803.02580640235622"
829,"Emily Swanson","798.83032804350063"
219,"Rachel Martin","795.312473257590415"
90,"Cheryl Ford","794.077734166343387"
201,"Karen Richardson","786.892704692308225"
324,"Jermaine Moreno","786.35279492744350"
994,"Jennifer Harmon","780.670713710236019"
377,"Jeffery Jones","778.860788038968751"
767,"Andrea Mejia","778.111227277489685"
564,"Kimberly Patel","776.71270731154106"
557,"Denise Hunter","772.43720817560823"
502,"Angelica Ramirez","770.642546759669594"
136,"Tara Smith","768.886276242889205"
506,"Jared Hudson","755.21236178342816"
151,"Tammy Gonzalez","753.42431874585170"
392,"Ashley Gonzales","748.182808326700547"
126,"Heather Glover","745.58013359071875"
189,"Alejandro Hill","743.89692171513093"
160,"Danny Olsen","741.23382782278997"
856,"Jonathan Cherry","736.19676833253444"
864,"Joseph Webb","735.102960486823646"
631,"Melissa Rosales","733.51563718911843"
389,"Sharon Ramirez","732.41726549362038"
897,"Julie Bennett","721.460407510384595"
395,"Christopher Estes","718.426268005057257"
289,"James Walsh","712.929666282899586"
955,"Mario Shaw","709.651812652388749"
105,"Dennis Gilbert","707.00663045555991"
568,"Kyle Rosario","705.20785811006612"
140,"Leah Freeman","705.20226934718697"
517,"Richard Morales","704.824498885461857"
956,"Erik Martin","703.94146827305331"
236,"Lisa Thompson","697.57730263736661"
739,"Matthew Brooks","697.49299633587849"
719,"Todd Ray","679.786886609617005"
772,"Suzanne Buck","677.119180295486140"
748,"Stephanie Boyd","674.268630138312835"
889,"Rebecca Moore","671.950922104683299"
496,"Jennifer Martinez","661.863595356850755"
951,"Michael Briggs","660.33587607994677"
824,"Tiffany Craig","656.915985218736856"
845,"Brooke Todd","652.59546037722915"
934,"John Long","648.80047536846736"
591,"Matthew Rangel","648.581793841969210"
448,"Rachel Meyer","647.423272799360886"
443,"Amy Parker","646.24550915219818"
53,"Anthony Dixon","633.99920373206898"
165,"Russell Blackwell","632.789353256165684"
91,"Tiffany Perkins","631.71597513760097"
388,"Scott Flores","629.66582975749840"
689,"Brianna Fuller MD","627.77172696369018"
365,"Mr. Brian Li","621.145915488624436"
478,"Andrew Myers","620.553434028789087"
243,"John Serrano","616.60016405597168"
86,"Thomas Gross","604.990827738400977"
584,"Maria Calderon","601.22778080093475"
746,"Eric Bond","578.93460478196513"
109,"Samantha Jensen","574.06764540252014"
762,"Leroy Becker","569.57163861001279"
949,"Carlos Taylor","563.026581828501652"
812,"Sandra Moore","558.770611994015431"
331,"Amanda Marshall","548.576038729107803"
802,"Tracey Campbell","545.641336633326261"
210,"Kelly Welch","544.31576782088844"
883,"Jennifer White","543.77541293257146"
708,"Anthony Ali","536.840931516701035"
290,"John Kelley","536.343420010752407"
293,"Kristina Fletcher","534.455610005472224"
29,"Kristina Mccann","532.875846403351515"
63,"Mr. Jimmy Adams","530.842504996226485"
88,"Christine Boone","519.483621393274255"
725,"Eric Stewart","517.432816322667766"
298,"Holly Gillespie","515.709159757354286"
147,"Heather Turner","514.968383542804303"
556,"Karen Shannon","512.34667690550049"
239,"Diane Garner","511.879763617796611"
525,"Stephanie Stanley","507.659942721228934"
263,"John Brown","502.41952963415765"
163,"Lynn Jennings","500.64890545299118"
819,"Jon Diaz","496.35827920891892"
421,"John Hayes","479.691463499100335"
300,"Kimberly Estes","476.09359520159879"
931,"Marie Rosales","473.721487289887105"
710,"Stephen Oconnor","473.36999158954495"
535,"Caleb Green","471.21299343978704"
316,"Melanie Bowen","469.20947578509828"
884,"Stanley Farrell","468.59387071424554"
21,"William Barnes","464.501745075429039"
558,"Melissa Duran","459.470531625039398"
827,"Carrie Boyd","457.599575147372675"
386,"James Reilly","454.805695475087304"
107,"Craig Fisher","454.13759010337168"
155,"Amber Martin","452.21473726737991"
984,"Nathan Mckenzie","445.42958804505882"
816,"Alyssa Rhodes","444.69288448961762"
455,"Alicia Wright","436.36314919743857"
882,"Kenneth Greer","424.01073232325842"
629,"Alejandro Thompson","410.32294489886463"
340,"Samantha Cain","403.298890016811665"
191,"Victoria Camacho","397.83554741841465"
533,"Ronald Salazar","393.94334820640001"
597,"Kaitlyn Farmer","386.415829923149036"
416,"Veronica Cross","375.27775369658398"
690,"Amanda Lewis","373.938354182235882"
273,"Carol Jackson","373.12226076962886"
161,"Jessica Jenkins","371.27952660203167"
778,"Justin Perez","370.297081118044005"
560,"Casey Bird","367.7038045824522"
202,"Rhonda Anderson","357.13905161894226"
981,"Brittany Gay","354.771308439324531"
605,"Megan Williams","351.096787905658374"
245,"Barbara Bishop","350.91337546140444"
159,"Ryan Pearson","347.77593204593325"
34,"Amanda Davis","347.274403765498935"
99,"Daniel King","344.7937968154611"
182,"Brent Byrd","342.457643433257206"
150,"Christine Griffin","326.77068965150366"
563,"Vanessa Kidd","321.879955139025144"
548,"Katherine Lowery","319.96721129748045"
561,"David Mcdowell Jr.","311.025607702265940"
330,"Tammie Black","310.965198898308304"
287,"Rachel Mitchell","310.194876216273135"
701,"Chad Lopez","307.70406571493132"
615,"Angel Burch","303.45680598051797"
405,"James Avery","295.546516172800454"
96,"Joshua Whitaker","292.252971660729869"
173,"Cory Newman","280.67998669751151"
266,"Darrell Moreno","277.66204957075176"
625,"Janice Woodard","268.17288052606445"
270,"Lisa Mitchell","261.92142388351580"
271,"Thomas Rivera","256.3949101996535"
70,"Pamela Johnson","251.04728537841237"
193,"Sean Griffin","246.58836450935047"
420,"Reginald Roberts","238.97169114770674"
515,"Stacey Shepard","234.54975879679529"
841,"Michael Nichols","207.37212513559173"
476,"David Reyes","202.36340074820378"
601,"Stephen Stafford","200.70509769172185"
586,"Jessica Camacho","199.749171602205854"
69,"John Yang PhD","199.066179928945185"
20,"Brian Stephens","199.017282636418226"
419,"Leah Lee","177.1973698001706"
938,"Kerri Barker","172.78409030492950"
297,"David Wright","171.924421739742084"
172,"Jared Taylor","169.53708712472624"
655,"Michael Cantu","160.100276178104444"
466,"Danielle Hamilton","151.837575684722905"
339,"Ryan Esparza","150.819981549671895"
294,"Michelle Davis","142.11672625180732"
495,"Katherine Clark","113.954550855805547"
930,"Benjamin Juarez","103.421977433177694"
909,"Pamela Edwards","99.886112767556607"
753,"Elizabeth Alexander","91.14444385647099"
514,"Brooke Brown","87.463953890663243"
764,"Scott Walker","76.961893195195758"
969,"Cody Sherman","71.18774322406358"
343,"Erica Gallagher","68.44095992318569"
415,"Tony Hamilton","68.01001004972314"
474,"Kurt Sanchez","65.5373346265731"
987,"Jeffery Ramos","53.390807418047686"
170,"Christopher Robinson","45.62730661545713"
253,"Alicia Webster","39.13631267639675"
